{
  "model_version": "baseline_v0.1",
  "trained_on": "experiments\\data\\data.csv",
  "val_metrics": {
    "accuracy": 0.9887156644394952,
    "precision": 0.9863565891472869,
    "recall": 0.9900404606286959,
    "f1": 0.9881950916433675,
    "report": "              precision    recall  f1-score   support\n\n        FAKE       0.99      0.99      0.99      3522\n        REAL       0.99      0.99      0.99      3213\n\n    accuracy                           0.99      6735\n   macro avg       0.99      0.99      0.99      6735\nweighted avg       0.99      0.99      0.99      6735\n",
    "confusion_matrix": [
      [
        3478,
        44
      ],
      [
        32,
        3181
      ]
    ]
  },
  "test_metrics": {
    "accuracy": 0.9870824053452116,
    "precision": 0.9812192118226601,
    "recall": 0.9919078742608154,
    "f1": 0.986534592168395
  },
  "max_features": 20000,
  "ngram_range": [
    1,
    2
  ]
}